transaction_cost,strategy,cumulative_return,cagr,volatility,sharpe,sortino,max_drawdown,calmar,var_95,cvar_95,mean_turnover,total_turnover,algo
0.0,buy_and_hold,2.569309250683415,0.23709464838453043,0.17235124233620228,1.118446274760424,1.378734450890435,-0.23290510666551958,1.0179881917532514,-0.015875878695959682,-0.02566829108051967,6.634448207207596e-16,9.998113448261847e-13,buy_and_hold
0.0,equal_weight,2.569309250683415,0.23709464838453043,0.17235124233620228,1.118446274760424,1.378734450890435,-0.23290510666551958,1.0179881917532514,-0.015875878695959682,-0.02566829108051967,6.634448207207596e-16,9.998113448261847e-13,equal_weight
0.0,mean_variance,2.684678778917917,0.2436928675364709,0.17601593112815148,1.1253815010773276,1.4053608417784773,-0.23290510666551958,1.0463182668057334,-0.01664664341329713,-0.02607553123877123,0.0068065645363195905,10.257492756233622,mean_variance
0.0,min_variance,2.5274512997018284,0.23465675456596058,0.17098568597515595,1.1158419421845653,1.3720062821173777,-0.23290510666551958,1.0075208651519891,-0.015727636791277307,-0.02547689494618372,0.00016377460625661177,0.24680833162871396,min_variance
0.0,risk_parity,0.03596764056716917,0.005926349672893849,0.08129216272879754,-0.17333949042867655,-0.14123251096536568,-0.23290510666551958,0.025445340197734766,-2.6087871798389185e-05,-0.0072482097461794145,0.0014012349408248448,2.111661055823041,risk_parity
0.0,momentum,4.267544616059858,0.3202831128098631,0.22589168225783735,1.1414594394315127,1.5333943377443402,-0.29567760318058683,1.0832173602755035,-0.022186003416691837,-0.033461407886840176,0.15058299364853717,226.9285714283455,momentum
0.0,dt_seed42,2.710853788985323,0.2451658809588002,0.22059485883260088,0.9033245825118805,1.1365850504990915,-0.3490593979645607,0.7023614960330946,-0.020925332675823183,-0.033019676196047565,0.13574489393310488,204.56755515718905,dt
0.0,dt_seed123,2.4506873280756,0.23012255948070015,0.17536968036599435,1.066967824108078,1.3232579544083143,-0.21631069297051125,1.0638519821674826,-0.016237610369740505,-0.025780453366968412,0.042640234827072035,64.25883388439756,dt
0.0,dt_seed456,2.2622980228831726,0.218628239480521,0.17665679643275944,1.0060514843501023,1.213372600903952,-0.25552597906014113,0.8556008288654838,-0.016331890446174984,-0.02645285666823493,0.04153064028795155,62.58667491394299,dt
0.0,dt_seed789,2.685958984314634,0.2437651141727719,0.17189090230037551,1.1527262866378452,1.4530434889986836,-0.22543920909790793,1.0812897860500614,-0.016339899247494086,-0.02537951253371222,0.04329734373176266,65.24909700376632,dt
0.0,dt_seed1011,2.5176312461774937,0.23408132741849252,0.17233159461409472,1.1044221418785412,1.3241728947927645,-0.279574511758657,0.8372770677341412,-0.015680332996651627,-0.025763748425667192,0.0436772769360063,65.8216563425615,dt
0.0,bc_seed42,3.011128574095748,0.26147318116557083,0.22370913146507088,0.9489117766558837,1.2050605807904091,-0.3152473742072614,0.829422233327354,-0.021130431169261527,-0.033325457779255024,0.12313294335850494,185.56134564126694,bc
0.0,bc_seed123,2.418362902507538,0.22818809263326667,0.17499313597780505,1.0602700891992096,1.3181382336556426,-0.2178893344369618,1.0472660041984958,-0.016253323075847096,-0.02569377886208627,0.042759234345657364,64.43816615890564,bc
0.0,bc_seed456,2.2686879399726716,0.21902705880108608,0.17660838880301552,1.008180013415025,1.2161416127982163,-0.2551749209005923,0.8583408511622965,-0.016425144934920886,-0.026441170665397317,0.04156568932826751,62.63949381769915,bc
0.0,bc_seed789,2.6978918363468103,0.24443752507128047,0.1726226629534433,1.1509707783408414,1.448453904819179,-0.22730108936174723,1.0753909088498066,-0.016483182711168057,-0.025533959288366548,0.04337490665194229,65.36598432447703,bc
0.0,bc_seed1011,2.4895390155512684,0.2324277831393835,0.17164629797397538,1.1010201422751376,1.318550276527678,-0.2775342882855255,0.8374741174332423,-0.015593156690523248,-0.025671598629486005,0.04397416482674868,66.26906639391026,bc
0.0005,buy_and_hold,2.569309250683413,0.23709464838453043,0.17235124233620225,1.1184462747604234,1.3787344508904342,-0.23290510666551942,1.017988191753252,-0.015875878695959682,-0.02566829108051967,6.634448207207596e-16,9.998113448261847e-13,buy_and_hold
0.0005,equal_weight,2.569309250683413,0.23709464838453043,0.17235124233620225,1.1184462747604234,1.3787344508904342,-0.23290510666551942,1.017988191753252,-0.015875878695959682,-0.02566829108051967,6.634448207207596e-16,9.998113448261847e-13,equal_weight
0.0005,mean_variance,2.6658419229872217,0.242627411348876,0.1760171368046561,1.1205046375421406,1.399310261430956,-0.23290510666551942,1.0417436303675343,-0.016650007053306097,-0.02607864677397608,0.0068065645363195905,10.257492756233622,mean_variance
0.0005,min_variance,2.527015979145883,0.23463127429795327,0.17098580564276805,1.115720462657084,1.3718600413693218,-0.23290510666551942,1.0074114632227142,-0.015727670186560235,-0.025476985654688332,0.00016377460625661177,0.24680833162871396,min_variance
0.0005,risk_parity,0.03487416365829388,0.005748723133368605,0.08129270576393804,-0.17551067571917214,-0.14323004319520397,-0.23290510666551942,0.024682683929401702,-2.728765644444554e-05,-0.007257715565075888,0.0014012349408248448,2.111661055823041,risk_parity
0.0005,momentum,3.702905260345055,0.2954863460869588,0.22592765843403545,1.057356957210899,1.4224668809989753,-0.3077388076902881,0.9601855167526991,-0.02233679609920163,-0.0335089578333265,0.15058299364853717,226.9285714283455,momentum
0.0005,dt_seed42,2.3484954413699755,0.2239542389840512,0.2206387985365671,0.8252709774891529,1.0381825888384362,-0.36180447749951095,0.6189924473346351,-0.02100535471356841,-0.03312368176811511,0.1358792052266695,204.76996227659092,dt
0.0005,dt_seed123,2.341932174775735,0.2235527463954914,0.1753669843253981,1.0364477369649931,1.284935693062018,-0.21817888293507567,1.0246305388868218,-0.016248234346470016,-0.025811766469912855,0.042643704011580116,64.26406194545123,dt
0.0005,dt_seed456,2.1619293945142344,0.21227687946407503,0.17666196354603086,0.9764428431393241,1.1777532635391899,-0.2558059895391528,0.8298354539958286,-0.016390822673558667,-0.026485169887937213,0.04153405435032979,62.591819905946984,dt
0.0005,dt_seed789,2.567713919315523,0.23700217052178552,0.17188259230378952,1.1210608677241682,1.4133194158087188,-0.22788696309290335,1.0399988103977942,-0.016348083890638077,-0.025405465828859098,0.04330051388569174,65.25387442573745,dt
0.0005,dt_seed1011,2.4042043970423004,0.22733597083859802,0.17231860001642496,1.0726987283734326,1.286240600249766,-0.27981109276400307,0.8124623244666596,-0.015682521627726178,-0.025791912359749404,0.04368718737503729,65.8365913741812,dt
0.0005,bc_seed42,2.656049379790077,0.2420717200877447,0.22371016421335108,0.8796235440545713,1.1170189698345503,-0.32956638473073857,0.734515810177429,-0.02119415140992315,-0.033405581781135535,0.12313294335850494,185.56134564126694,bc
0.0005,bc_seed123,2.31009850099497,0.2215960280441447,0.17498606599419464,1.029557539087918,1.2795248627404874,-0.22015830198174466,1.0065304194729812,-0.016266141190238812,-0.02572421425113333,0.042759234345657364,64.43816615890564,bc
0.0005,bc_seed456,2.16798126579786,0.2126645660507469,0.17660897337951295,0.9785463099109835,1.1807348579260792,-0.25545662909660277,0.8324879522712494,-0.01648405163651811,-0.02646731357388035,0.04156568932826751,62.63949381769915,bc
0.0005,bc_seed789,2.579122564439894,0.23766274877820437,0.1726151712804893,1.1193959345769544,1.4086252902900047,-0.22973247492171434,1.0345196031131099,-0.01649604167880665,-0.02556031415727092,0.04337490665194229,65.36598432447703,bc
0.0005,bc_seed1011,2.375951386100765,0.22562672024328512,0.17163359772597497,1.068860199647576,1.2798712584013883,-0.27777327907358873,0.8122693478500905,-0.015593156734159673,-0.025699679824344904,0.04397416482674868,66.26906639391026,bc
0.001,buy_and_hold,2.569309250683412,0.23709464838453043,0.17235124233620225,1.118446274760423,1.3787344508904336,-0.23290510666551945,1.017988191753252,-0.015875878695959682,-0.02566829108051967,6.634448207207596e-16,9.998113448261847e-13,buy_and_hold
0.001,equal_weight,2.569309250683412,0.23709464838453043,0.17235124233620225,1.118446274760423,1.3787344508904336,-0.23290510666551945,1.017988191753252,-0.015875878695959682,-0.02566829108051967,6.634448207207596e-16,9.998113448261847e-13,equal_weight
0.001,mean_variance,2.647101259248295,0.24156286190198073,0.17601835349416445,1.1156277434579294,1.3932591924219013,-0.23290510666551945,1.0371728871058843,-0.016653370706303648,-0.026081762327007273,0.0068065645363195905,10.257492756233622,mean_variance
0.001,min_variance,2.526580710925561,0.2346057944745985,0.17098592568612683,1.1155989804634414,1.3717137897287655,-0.23290510666551945,1.0073020632025964,-0.015727703581844502,-0.025477076363258154,0.00016377460625661177,0.24680833162871396,min_variance
0.001,risk_parity,0.033780971500338985,0.005570986541103107,0.08129497854169154,-0.17767978133160536,-0.1451163201696005,-0.23290510666551945,0.023919555139268512,-2.746804562783325e-05,-0.0072698909841679175,0.0014012349408248448,2.111661055823041,risk_parity
0.001,momentum,3.198661394773712,0.2711487460665367,0.2259801482755119,0.9731873254126739,1.3110689894902074,-0.3195966716146141,0.8484091673942764,-0.02233679609920163,-0.033556525402790326,0.15058299364853717,226.9285714283455,momentum
0.001,dt_seed42,2.021203952981304,0.20308284719903802,0.22069052534210773,0.7471426402666101,0.9395696967329418,-0.3743171837264857,0.5425421434764562,-0.02110728654097832,-0.03322781230438428,0.13603145303369568,204.9993997217794,dt
0.001,dt_seed123,2.236539487088233,0.21701392375744732,0.17536787619864794,1.0058869321642097,1.2472573595543572,-0.220409229424837,0.9845954469499766,-0.016258867869840134,-0.02584306733816499,0.04264718812785156,64.2693125086723,dt
0.001,dt_seed456,2.064621240121605,0.20595681309706326,0.17667042348824297,0.9468097960342983,1.1420899917796832,-0.2560859084459898,0.8042489114175563,-0.016449758584009416,-0.026517505350537096,0.041537452087751225,62.5969402962411,dt
0.001,dt_seed789,2.4532106063881716,0.23027293011171102,0.17187779608022644,1.08935559705324,1.372984139416203,-0.23032750608602878,0.9997630505568129,-0.016356286545427833,-0.025431394184671552,0.04330369537837641,65.25866893521325,dt
0.001,dt_seed1011,2.2943651903982527,0.22062315698343737,0.17230917632718595,1.0409283856785887,1.247737509192217,-0.28004760743443635,0.7878058984492085,-0.015712579877060665,-0.025820625819939845,0.043696993623746266,65.85136939098562,dt
0.001,bc_seed42,2.3323617230599614,0.22296611776289543,0.22371620248521318,0.8103085521167659,1.028813932026994,-0.3435877975752108,0.6489349136856017,-0.02125787669831765,-0.033485717035117546,0.12313294335850494,185.56134564126694,bc
0.001,bc_seed123,2.205248443501842,0.2150384232239415,0.1749826707194999,0.9988171950197118,1.2408918308645802,-0.22303656762787993,0.9641397619726523,-0.01627895947093899,-0.025754654942488898,0.042759234345657364,64.43816615890564,bc
0.001,bc_seed456,2.0703651996491286,0.20633448521703945,0.17661267791755456,0.9488923035004463,1.1445738055476782,-0.2557382463692521,0.8068190352690534,-0.016518162406169414,-0.02649346012998178,0.04156568932826751,62.63949381769915,bc
0.001,bc_seed789,2.4641521653346223,0.23092391760175235,0.17261140017782506,1.0877904920461732,1.368555579472303,-0.23215637665315786,0.9946912547948368,-0.016509340249086096,-0.025586672038723834,0.04337490665194229,65.36598432447703,bc
0.001,bc_seed1011,2.26604607389781,0.21886224856671155,0.17162467590713,1.0366681803564999,1.2422273490751912,-0.27801220256178566,0.7872397202351987,-0.015594299250859379,-0.025727764083375574,0.04397416482674868,66.26906639391026,bc
0.0025,buy_and_hold,2.569309250683407,0.23709464838452998,0.17235124233620225,1.1184462747604218,1.378734450890432,-0.23290510666551953,1.0179881917532498,-0.015875878695959682,-0.02566829108051967,6.634448207207596e-16,9.998113448261847e-13,buy_and_hold
0.0025,equal_weight,2.569309250683407,0.23709464838452998,0.17235124233620225,1.1184462747604218,1.378734450890432,-0.23290510666551953,1.0179881917532498,-0.015875878695959682,-0.02566829108051967,6.634448207207596e-16,9.998113448261847e-13,equal_weight
0.0025,mean_variance,2.5914515269065554,0.23837464634209327,0.17602206964845715,1.100996887014361,1.3753075132760453,-0.23290510666551953,1.0234839834767069,-0.01666346174322827,-0.026091109093061574,0.0068065645363195905,10.257492756233622,mean_variance
0.0025,min_variance,2.5252752202167144,0.23452935767236305,0.17098628807087538,1.1152345178922225,1.3712749694772983,-0.23290510666551953,1.0069738745968166,-0.01572780376770506,-0.025477348489358925,0.00016377460625661177,0.24680833162871396,min_variance
0.0025,risk_parity,0.030503102951596306,0.005037114542973731,0.08131222105740354,-0.1841731671156085,-0.15041571410978505,-0.23290510666551953,0.02162732545923799,-2.8303544326784713e-05,-0.007306493520307348,0.0014012349408248448,2.111661055823041,risk_parity
0.0025,momentum,1.98720017835101,0.2008078832895006,0.22623671827338673,0.7204602665329986,0.975294321745673,-0.35398368762620297,0.5672800479482778,-0.022527760422273495,-0.03369933402401021,0.15058299364853717,226.9285714283455,momentum
0.0025,dt_seed42,1.2176011984907067,0.14245343074595063,0.22092340031075783,0.5122955828184033,0.6438487712347738,-0.41279508780396346,0.3450947817809349,-0.02143069409464478,-0.033543395351646556,0.136523388511791,205.740746487269,dt
0.0025,dt_seed123,1.939539718350245,0.1975826684097981,0.17539180673631344,0.9139827285311038,1.132622150885852,-0.23141485892474362,0.8538028600577122,-0.016571527099365706,-0.02594672994827305,0.04265824223450408,64.28597104739765,dt
0.0025,dt_seed456,1.790147252661829,0.18718283317977824,0.17671542769128876,0.8577809837211631,1.0339604089573575,-0.2569251250743969,0.7285501296363147,-0.016621693840469375,-0.02661508551139602,0.04154730734284413,62.611792165666095,dt
0.0025,dt_seed789,2.131008253672037,0.21028635331203493,0.17188458234141396,0.9940215981706352,1.2519359463978912,-0.2376060285992295,0.8850211189999951,-0.01638100729668543,-0.025509048736186514,0.043312993375269386,65.27268101653097,dt
0.0025,dt_seed1011,1.9852784545232471,0.200678670996717,0.17230232152584077,0.9453555509125665,1.132982755686556,-0.28075675382863474,0.7147777150864376,-0.01581634501465867,-0.02590717203674923,0.043725086853095146,65.89370588761439,dt
0.0025,bc_seed42,1.5231325052489129,0.16738006460195498,0.22376438374988064,0.6022494493238795,0.764363733287871,-0.3839272929111885,0.43596813170735943,-0.02144908285939239,-0.03372619035598262,0.12313294335850494,185.56134564126694,bc
0.0025,bc_seed123,1.9101287512153813,0.19557061541673182,0.1749945720747835,0.9064485370920787,1.126619321908584,-0.23424813277906803,0.8348865499866543,-0.016317415310933957,-0.025846008863973695,0.042759234345657364,64.43816615890564,bc
0.0025,bc_seed456,1.7951301514924554,0.18753710541764557,0.17664253548461786,0.8598240660965224,1.0369546684214783,-0.2565825528904937,0.7309035758860974,-0.01661045351364633,-0.026574720478528,0.04156568932826751,62.63949381769915,bc
0.0025,bc_seed789,2.1408431930976213,0.21092123907417148,0.172622448227498,0.9928107629787932,1.2487184901786028,-0.23938340393858215,0.8811021800336956,-0.016552283362003012,-0.02566576377037817,0.04337490665194229,65.36598432447703,bc
0.0025,bc_seed1011,1.9572541233245895,0.19878646442006676,0.17162062493492145,0.9399206273541496,1.1264572475369865,-0.2787285693839857,0.7131901292336199,-0.015604050989665542,-0.025812035256981416,0.04397416482674868,66.26906639391026,bc
