strategy,fold,period,in_sample,cumulative_return,cagr,volatility,sharpe,sortino,max_drawdown,calmar,var_95,cvar_95,mean_turnover,total_turnover,cumulative_return_std,cagr_std,volatility_std,sharpe_std,sortino_std,max_drawdown_std,calmar_std,var_95_std,cvar_95_std,mean_turnover_std,total_turnover_std
a2c,0,2014-01-01_2015-12-31,True,-0.33902812005235416,-0.1895700154924456,0.176045662282873,-1.3397515250610825,-1.7378489033048357,-0.3487005055726969,-0.5334582204654731,-0.017458258472276857,-0.02805539650030765,1.076269028591025,542.4395904098767,0.10321195786552546,0.0646151697260865,0.006238399854534485,0.5033732394404596,0.6448222719542991,0.09418401750996787,0.03949786825723685,0.0006008179973360258,0.0013579123415461917,0.07517499184494467,37.88819588985213
a2c,1,2016-01-01_2017-12-31,True,0.12025997793807663,0.052817916775592555,0.22743793795935482,0.09249277522712764,0.18510480642864613,-0.2501004108151653,0.27515345556183657,-0.020115355360814796,-0.03200299293699685,1.163750895513217,585.366700443148,0.23017910345901332,0.11015913982570355,0.019417038289534106,0.47294031156331656,0.6918909760359128,0.05308248203090073,0.4348659437959984,0.0015784641825063242,0.0018521644888797953,0.04166749822252058,20.95875160592784
a2c,2,2018-01-01_2019-12-31,False,0.31877157947057455,0.13774014465887882,0.21735186160643066,0.4742993493924148,0.6710199407363188,-0.2861468759400302,0.687279183156679,-0.02088172083062865,-0.03358997363025983,1.1444443613050728,575.6555137364516,0.35945284121851984,0.15856690300104004,0.00894613275887033,0.6566877386949908,0.8925686838994109,0.09078804258648915,0.743879327191535,0.0024547783518582863,0.0033647782374614855,0.04009198760502926,20.166269765329748
a2c,3,2020-01-01_2021-12-31,False,-0.06824142347951459,-0.03987057556650377,0.33745082675674815,-0.18748973876652775,-0.23482819007808695,-0.36883977547789504,-0.03719672596931415,-0.033362784026983866,-0.053277389747173755,1.1332222931376839,572.2772580345303,0.19898837082351647,0.10000052067516386,0.02436125158862908,0.31911894165208066,0.40911648409330614,0.08461963339806826,0.3300272177398363,0.0037820194311012872,0.0036056275426128753,0.03841127278808108,19.397692757980955
a2c,4,2022-01-01_2023-12-31,False,-0.03252553153239588,-0.033031126995953806,0.29438897496420113,-0.22855349985263795,-0.23594473310543992,-0.3764006786863716,0.052076175910179365,-0.028702945750906716,-0.04273824692383728,1.0992225395975577,550.7104923383764,0.35692362219664764,0.18067468259142022,0.009990932770019818,0.6309238858331816,0.852386208680177,0.10882427427272422,0.5704633777729006,0.0039192915570384415,0.005216274931912374,0.06312686249171129,31.626558108347375
a2c,5,2024-01-01_2025-12-30,False,0.15269345162172987,0.05629557970118522,0.2843671053279427,0.03315810405049711,0.04883752100283175,-0.37043261883232326,0.26783526099419,-0.026321412609260436,-0.04186458648922594,1.186129108518734,594.2506833678857,0.42690031330270006,0.1958973230140145,0.02824712413302763,0.619107578691067,0.878889942809762,0.09336879993314225,0.5826266831656219,0.0023792080228670597,0.0025291926881260544,0.024501289350176293,12.275145964438329
bc,0,2014-01-01_2015-12-31,True,0.12981270148416071,0.0629261923473575,0.10867307406137475,0.3775050871469657,0.5566821013368036,-0.10886014785604917,0.5780588140820386,-0.01097203903819351,-0.014920334157445012,0.01692386013283423,8.529625506948452,0.0016616471527232648,0.0007817327606630823,0.00028519096589895094,0.006298246934666258,0.009088346283497348,0.00039941849166146785,0.007858253930857085,8.381051356365262e-05,3.7859908326813204e-05,0.0003469885400457436,0.17488222418305552
bc,1,2016-01-01_2017-12-31,True,0.6113527748731609,0.26999250885515097,0.09311863678373089,2.3519733968801466,3.2261418648211952,-0.06301987055499363,4.284792551148169,-0.009042199847409513,-0.01332702756549858,0.01665584522614738,8.377890148752133,0.0023076969547550954,0.0009110614206271075,0.00029729520894644906,0.009732800988526084,0.019302686845091465,0.0006685264842405921,0.05336093387484718,0.00010442335883171216,5.2449902078265424e-05,0.0005990026336595505,0.30129832473075496
bc,2,2018-01-01_2019-12-31,False,0.27638117796379325,0.13004366711074805,0.13159968205006506,0.7770364802879705,1.019315898846239,-0.18766858367961664,0.692984774939127,-0.015418908738425377,-0.02032468954059216,0.016450285912632135,8.274493814053963,0.003090640432525736,0.001370544548233443,0.00046828808274734833,0.01017365517587369,0.014354371371942861,0.0010421877934801331,0.009844929873294994,9.774817366049198e-05,7.517456888125177e-05,0.0008911564512921641,0.44825169499995904
bc,3,2020-01-01_2021-12-31,False,0.61431737242255,0.26983220265291014,0.2080725429826665,1.0562920751303966,1.173527327086632,-0.24939828969577665,1.1097032759964285,-0.01711469524909018,-0.032377067444631334,0.0682383667138031,34.460375190470565,0.04538591042196357,0.017666534014995603,0.009921742243520305,0.1114731888376754,0.15814652824801567,0.03283479593893291,0.21834792348111137,0.00025260650332966647,0.0019513223309167574,0.0021135005795119496,1.0673177926535338
bc,4,2022-01-01_2023-12-31,False,0.15216269571562407,0.07379927359341623,0.1870495577660269,0.2774466446645847,0.411953140862445,-0.2503307514770233,0.301829851824883,-0.018563478809060154,-0.026257682735475418,0.06400277389385846,32.06538972082309,0.020885146623857057,0.009827620614101184,0.03356011452840053,0.05301988123154419,0.07791160258442223,0.047281097717163614,0.05627419615021252,0.002887840100040437,0.004319813400234442,0.062440435926558915,31.282658399206024
bc,5,2024-01-01_2025-12-30,False,0.7473936487616275,0.32408024689880593,0.14102105530187228,1.8493770483835565,2.2543435406892662,-0.16927082526894596,1.9187520888022256,-0.012602264546045022,-0.02010385225035504,0.030581364965686076,15.321263847808723,0.019560222578010426,0.007448973271302352,0.0018987859812641028,0.05979160615535571,0.08041434642896897,0.0065825011803233744,0.11281833583368184,0.0006288839993797371,0.00047712593485389624,0.0012965610663795634,0.6495770942561615
cql,0,2014-01-01_2015-12-31,True,1.2601975843226694,0.5001106268258826,0.2798780346626511,1.3745213926255613,2.300396671459648,-0.16794963302251348,3.1229533481332625,-0.022525890067972364,-0.03289533826916235,0.0781114250174101,39.36815820877469,0.3039878963063085,0.09932618792003929,0.007478147368254052,0.25837671421371755,0.5722506356606418,0.02528358857252316,1.0574291292976565,0.0006470082612080188,0.0017867525772799658,0.00845828995477692,4.262978137207567
cql,1,2016-01-01_2017-12-31,True,1.1886947725049817,0.4794075966560197,0.3592073517755492,1.0309031045069488,1.5105843823513518,-0.2433283000733971,1.9702088996367266,-0.029719705465139877,-0.04908868966930611,0.0578821986538807,29.11474592290199,0.1769472481796847,0.05893142315521447,0.00826322135645687,0.08769590625932512,0.13306487991839447,3.675301460928163e-07,0.24218861492640614,0.0011521477785958892,0.0014005025266799025,0.006848016798721622,3.4445524497569773
cql,2,2018-01-01_2019-12-31,False,0.18343649977386983,0.08203282257891246,0.2949428628946808,0.18564423723465884,0.25443013534865094,-0.39926355617358344,0.2852738604838586,-0.033846783482970245,-0.045877035287563026,0.15714055504205524,79.04169918615379,0.2386176877953865,0.11440393307698535,0.015458062184517443,0.38233252000871576,0.4967629167440069,0.09595222625167657,0.33458322013426733,0.0022762889817293562,0.0029670825492069384,0.024807230542937764,12.478036963097697
cql,3,2020-01-01_2021-12-31,False,1.2459464703934748,0.49024199940564406,0.3953702987010681,0.9525626463573739,1.434086721943499,-0.32124999556603073,1.5320032348457238,-0.038534297251198474,-0.05304278483400924,0.20173629730320597,101.876830138119,0.45466199004747987,0.1464334654726636,0.018952634795931265,0.25287152699515597,0.44221635621152905,0.012011480068700129,0.4735753227309129,0.0022202791064524128,0.0028803887588434917,0.0334669383683189,16.900803876001042
cql,4,2022-01-01_2023-12-31,False,0.05569126202833226,0.02274582395745357,0.33040181993258133,-0.02193086056957829,-0.020920309798182178,-0.4553734708575169,0.08432370561045464,-0.033046507207286434,-0.04315967118412905,0.17518691288484617,87.76864335530794,0.20499367092259901,0.1007236467834263,0.030866959235431257,0.29698375874189664,0.46528463991837987,0.07908156991935088,0.23865471450978495,0.0016824151861786144,0.0024652685653005534,0.031875525768686325,15.96963841011185
cql,5,2024-01-01_2025-12-30,False,1.5427107314992832,0.5922913856267014,0.3044966853286296,1.4416894224600096,1.940768341696251,-0.33740323135979833,1.7852279279557521,-0.02690819683023473,-0.04370261211736838,0.21396045297541472,107.19418694068277,0.4968953646251495,0.1477786350564847,0.018797562879092296,0.21202451210099887,0.3733213091167817,0.02874628693775108,0.5499029367977976,0.001659288242556249,0.0026310414488402135,0.03539504839999896,17.732919248399483
dt,0,2014-01-01_2015-12-31,True,0.13020906166550614,0.06311158222796118,0.10881662167811393,0.3786053476501479,0.5588105299673257,-0.10860247106719305,0.5812620578593265,-0.010938296964522143,-0.014944027973339722,0.01748922147277728,8.814567622279748,0.003572684908921629,0.0016808921045448574,0.00029443967265245817,0.014412368978301915,0.02116679890818603,0.0008848137868677777,0.019381858172938256,2.5418515924580116e-05,4.2870458743552864e-05,0.0005183310636165835,0.2612388560627583
dt,1,2016-01-01_2017-12-31,True,0.6087217156387457,0.268952093665594,0.0933574772278309,2.337130330895082,3.190673183225774,-0.06376525619168819,4.218081125046806,-0.009083557546486732,-0.013429183979148007,0.016505553559431903,8.302293440394246,0.004809208136745314,0.001900084081867659,0.00018666434284830117,0.012187598889924347,0.02422670764342255,0.0005204545910850977,0.04110739868290921,3.612844656986909e-05,2.1033775416477674e-05,0.0005306025948877785,0.2668931052285526
dt,2,2018-01-01_2019-12-31,False,0.28088154450961794,0.13203749093409117,0.13159209604957747,0.7904758316479296,1.0392553192004113,-0.18703146276887633,0.7060266010253571,-0.01537067261637659,-0.020291411616074582,0.016741986292780352,8.421219105268516,0.004044412688149163,0.0017916384043034361,0.0003887280267516996,0.013027543736418607,0.018370160767632777,0.0010737484161625,0.012798658859373143,8.892444547850961e-05,8.050511628327448e-05,0.0006741584535728479,0.3391017021471428
dt,3,2020-01-01_2021-12-31,False,0.6222202384127312,0.272951077318786,0.20802572293670565,1.0684266968232656,1.1877917854930178,-0.2499709942984639,1.1200910422372095,-0.01712483624421094,-0.032323334414387984,0.06801563264480318,34.3478944856256,0.041532423626091115,0.016167578397510617,0.009898866211538702,0.10848515205626738,0.15609937271593347,0.03315026900306517,0.2173294727315208,0.0002687653071707254,0.0019614347027276835,0.0016354470361373606,0.8259007532493651
dt,4,2022-01-01_2023-12-31,False,0.13770632688323697,0.0669444538540263,0.1857660448878688,0.2535568568154333,0.375004914395369,-0.2565922885116719,0.2807304318378402,-0.018425439546608573,-0.026156457224861724,0.07016948340283058,35.15491118481812,0.031190357778294688,0.01475499549899116,0.030800125924298948,0.09445024364363346,0.13986292055930988,0.05935107876135914,0.09499824315527819,0.002583480708658452,0.00406334219551681,0.07558522334860508,37.868196897651146
dt,5,2024-01-01_2025-12-30,False,0.7418185293075616,0.32195046344693534,0.1410535554008932,1.8376814226417308,2.234062267672885,-0.17037740001103083,1.8951405864648403,-0.012545936684871112,-0.02010125796436996,0.0308287863042092,15.44522193840881,0.02093540843543054,0.007989607419542317,0.002115101853976579,0.06528790971383702,0.08703840393896188,0.007828241531658744,0.12543542146336173,0.0005364693491337479,0.000527237115043958,0.0011116642798727925,0.556943804216269
iql,0,2014-01-01_2015-12-31,True,0.1291398125446066,0.06260407392660165,0.11011112475330329,0.3698550901705638,0.5373112037308104,-0.10587910521589054,0.5924359419859825,-0.011049143063309855,-0.015301940983039908,0.05882763351390289,29.649127291007055,0.007471400878220948,0.00352059926658192,0.0008816221907251502,0.031038644961287536,0.04719668668937958,0.0037983802770096007,0.045443036679579704,0.000126500169518169,0.00014138924118905181,0.0008152688857662253,0.4108955184261783
iql,1,2016-01-01_2017-12-31,True,0.5972444608230288,0.264406701994672,0.1019522920646541,2.105141379336142,2.85023100614392,-0.0805881696949716,3.284179619898539,-0.009527763156311615,-0.01491951584084814,0.05848214415612255,29.41651851052965,0.007079595620075354,0.0028052646143720814,0.0012367779825648614,0.02791826152250483,0.05926038778364132,0.0026446534546537464,0.1033877091072503,0.00016328422635100516,0.00027270516016054903,0.0006441407258167845,0.32400278508584174
iql,2,2018-01-01_2019-12-31,False,0.2566745905577731,0.12126760398367345,0.13730851843911324,0.6879220693394293,0.8863302840122487,-0.20128272734044278,0.6025146420270824,-0.014903468167163305,-0.02143884256655592,0.05089880492151213,25.602098875520603,0.004744418572174547,0.0021203640264032065,0.000806217744087938,0.012935743584514587,0.021263070057906536,0.0022197807460407914,0.010709121711054268,0.00020166500621867235,0.00019810028783420294,0.0006826768171798009,0.34338643904143984
iql,3,2020-01-01_2021-12-31,False,0.6551792981814575,0.2847550721774487,0.2208245961900115,1.147688814075031,1.450476954642839,-0.18284085101046843,1.9323671146220966,-0.017724367238395926,-0.03278155482519207,0.18955927786452403,95.72743532158464,0.13779268908109354,0.054050179252014836,0.06575118198852721,0.38477621093742914,0.5821841578592416,0.08579143578579977,0.8679522129148709,0.003458538379609681,0.009950075184773024,0.022325557039171866,11.274406304781794
iql,4,2022-01-01_2023-12-31,False,0.13309804183958765,0.06399430183628393,0.19635710236202647,0.22043842915562434,0.3193495466955328,-0.25397905222460293,0.29031458201317273,-0.018613846978808864,-0.028562201716105556,0.09125978336512985,45.72115146593006,0.09332031316597851,0.0434164044052605,0.02407393435421105,0.21274243282253483,0.3207671646573565,0.043409895330250366,0.2505990182674339,0.0016851068526445147,0.003566935683197039,0.01502510460218725,7.527577405695814
iql,5,2024-01-01_2025-12-30,False,0.573921302464451,0.25384514703735694,0.16768431119415333,1.2490406412407333,1.4125118472938447,-0.24202353353685116,1.2981714432509468,-0.01466088949997486,-0.025411795205341266,0.10162432594605057,50.91378729897134,0.20216877288582535,0.07841608380932988,0.01689846829676241,0.4607749443852247,0.6467926276262258,0.06566729713161495,0.9609454106976357,0.0021458937200397946,0.002687213212717688,0.011796834555498492,5.9102141123047405
ppo,0,2014-01-01_2015-12-31,True,0.13853905833488378,0.06702345725615788,0.10861420051051311,0.4131407879872343,0.6102251625161681,-0.10811732035294801,0.6199141547104609,-0.010801643496170098,-0.014880535605452883,1.9841381624116948e-15,1.0000056338554941e-12,0.0,0.0,0.0,0.0,0.0,0.0,0.0,0.0,0.0,0.0,0.0
ppo,1,2016-01-01_2017-12-31,True,0.6212270845617516,0.2738858616237949,0.09242271071262652,2.4027856450220764,3.2900471619503775,-0.0635752592087779,4.308057332874848,-0.008917273167490603,-0.013225359019448721,1.9880827710844814e-15,1.0000056338554941e-12,0.0,0.0,0.0,0.0,0.0,0.0,0.0,0.0,0.0,0.0,0.0
ppo,2,2018-01-01_2019-12-31,False,0.28397850316912376,0.1334093385717694,0.13113513167738547,0.8024562358309639,1.0548399197482807,-0.1850609156912289,0.7208941881297113,-0.015389411805316403,-0.020229306170100367,1.9880827710844814e-15,1.0000056338554941e-12,0.0,0.0,0.0,0.0,0.0,0.0,0.0,0.0,0.0,0.0,0.0
ppo,3,2020-01-01_2021-12-31,False,0.7121277633644361,0.3077865331477523,0.19981499147050413,1.242829864422681,1.3907843042636847,-0.2329051066655221,1.3215104535675481,-0.01687215152275638,-0.031115701789909085,1.9802091759514736e-15,1.0000056338554941e-12,0.0,0.0,0.0,0.0,0.0,0.0,0.0,0.0,0.0,0.0,0.0
ppo,4,2022-01-01_2023-12-31,False,0.1635536597355356,0.0791707696852737,0.17075430008134534,0.329086531633541,0.487108163600246,-0.22048947850805076,0.3590682431696301,-0.016975300592261225,-0.024086513383873517,1.9960192292524835e-15,1.0000056338554941e-12,0.0,0.0,0.0,0.0,0.0,0.0,0.0,0.0,0.0,0.0,0.0
ppo,5,2024-01-01_2025-12-30,False,0.7916847258905684,0.3408773782258403,0.14084766211446073,1.940565824578681,2.369698162582356,-0.1615441119531475,2.1101194844211015,-0.013265726811465105,-0.020032328558946568,1.9960192292524835e-15,1.0000056338554941e-12,0.0,0.0,0.0,0.0,0.0,0.0,0.0,0.0,0.0,0.0,0.0
sac,0,2014-01-01_2015-12-31,True,0.1309208608995279,0.06344696175009626,0.1085579296312936,0.38241458583421034,0.5645395045118594,-0.10901898896366638,0.5821124213029548,-0.010883773711998073,-0.014886077565947972,0.008975607989655276,4.5237064267862594,0.0025337019548643805,0.0011918238197103797,0.00019894140995813602,0.010070110813184227,0.014677231002542103,0.0011883644258413911,0.015209839151261948,0.00012582358943114336,2.8954893735237572e-05,8.71839215739831e-05,0.04394069647328751
sac,1,2016-01-01_2017-12-31,True,0.614479618154103,0.2712260399251999,0.09232686970739767,2.3826323425214833,3.2615085546087386,-0.06358323926620732,4.265794797100161,-0.00890650104382407,-0.013217482116308323,0.008541874452523895,4.296562849619519,0.0037611872717968017,0.0014839603661323776,0.00019245558675061005,0.011277827312434737,0.020686568420356006,0.00031446675351814996,0.03221819105402738,8.132405475610229e-05,4.4576070838786146e-05,0.00021701132189789975,0.10915669491464391
sac,2,2018-01-01_2019-12-31,False,0.27806078816414004,0.1307890239131558,0.13103067626199388,0.7854336151282924,1.0322245419774387,-0.18493061269500322,0.7072408347656249,-0.015354148071846624,-0.02022721238546384,0.008531113778087403,4.291150230377964,0.0016182647497427279,0.0007170883510876891,0.00022857235725305756,0.005198479440145902,0.007087004899599074,0.00044947793353568847,0.004818725869942288,3.190217379560874e-05,4.346560384347539e-05,0.00017113698521484328,0.0860819035630658
sac,3,2020-01-01_2021-12-31,False,0.6273040514945512,0.2740133573885515,0.20355657909422642,1.0923572856362496,1.2875594764094098,-0.2339012456069888,1.238954420678928,-0.017694524448332603,-0.03183103645902897,0.10269231266059542,51.859617893600685,0.13181063379328034,0.051139841542836156,0.017099862096232737,0.20026900688377158,0.30596372498394425,0.047818247287917254,0.3923348895047209,0.0005456863438711672,0.0033387256195425256,0.022648621957845623,11.437554088712037
sac,4,2022-01-01_2023-12-31,False,0.16392192361247498,0.07917134718609313,0.17200318115963825,0.3283679702308298,0.48420630512511087,-0.21261277904169634,0.3863732605821684,-0.017298146029008126,-0.02455592735926132,0.03533513820975273,17.702904243086117,0.041484290107529194,0.019339421290327674,0.007627954333274063,0.11221331028324748,0.1677962455321661,0.022732387593558896,0.1325625842897399,0.001058633007653222,0.0010806558278152701,0.0010924039597877602,0.5472943838536677
sac,5,2024-01-01_2025-12-30,False,0.7619607316643574,0.3291672838271286,0.14152518767289704,1.8697197357426116,2.271493953854196,-0.16962565885146902,2.023807441106899,-0.012565932712561068,-0.020255789836752948,0.035934457656255435,18.003163285783973,0.09429092205674348,0.03572963010956895,0.002772049882012901,0.21218709787589088,0.24978688839642343,0.02886024800927601,0.5028907376031283,0.0009482015965770169,0.0007607251581617394,0.0015283409051042756,0.7656987934572418
td3bc,0,2014-01-01_2015-12-31,True,0.1407725813864505,0.06805813953066746,0.11103913538286267,0.4126921541931806,0.6008421596191214,-0.1048415747341844,0.6501565987203382,-0.010826301229382778,-0.015391314859505586,0.06101110665292649,30.749597753074955,0.010529735762262455,0.00493882260663187,0.0008774295703037235,0.04134276847791355,0.06126216937625727,0.0037607042484395165,0.055339685839417306,0.00019694236612917835,0.0001019746551532352,0.001309061290135319,0.6597668902282015
td3bc,1,2016-01-01_2017-12-31,True,0.6318468653864435,0.2780100966096138,0.10599626782647106,2.1249082417786895,2.897108060619918,-0.08203689490667745,3.406519386362983,-0.009850197306858027,-0.01547807090513191,0.06105651150112147,30.7114252850641,0.028732353978742138,0.0112727638369484,0.0012594122922040749,0.07061247405588034,0.13078117496132438,0.00480486959365611,0.31904934141234165,0.00032039674061301544,0.00024133507559866916,0.0009283313400809763,0.4669506640607307
td3bc,2,2018-01-01_2019-12-31,False,0.27305689108166586,0.1285613022989914,0.1401062271088934,0.7205949008892203,0.9282854157079786,-0.20069843869941684,0.6414483802357921,-0.01511038046970603,-0.021875794277717027,0.05376827803315217,27.045443850675543,0.009426427356798923,0.004184907521774393,0.0013178264599483,0.029888979968632146,0.043029562821584155,0.005396137937996991,0.0357191535953799,0.00027820872991463026,0.0002566903989908351,0.001743310283259752,0.876885072479655
td3bc,3,2020-01-01_2021-12-31,False,0.7735297141297762,0.32411290857350306,0.31122351013331234,0.9301717291643676,1.1416070725995138,-0.3051131057184798,1.633472704759478,-0.023145643650076486,-0.0484809145131422,0.19764063726874873,99.8085218207181,0.3596498799109585,0.13480206335637412,0.06655991592678195,0.601447607031377,0.9145281435251573,0.1068067039279768,1.7272626580281523,0.005669073226266752,0.012132640673427115,0.028504313177294443,14.394678154533695
td3bc,4,2022-01-01_2023-12-31,False,0.11250008733607719,0.053944551762913996,0.1972408809079479,0.16035062195114475,0.2276939435381565,-0.2842098469972975,0.21472776074082436,-0.01987240049782617,-0.02928286286684134,0.10002325705054309,50.111651782322085,0.10254519422530667,0.04939886607729997,0.018722874441000275,0.22525705778435148,0.30616160196872466,0.0446929241657342,0.1874967473922909,0.0016871694254265285,0.003246571648183134,0.02099062389326749,10.516302570527008
td3bc,5,2024-01-01_2025-12-30,False,0.46320820631417997,0.21050055133000228,0.17716227711449756,0.9796767655024043,1.0539997375853383,-0.27928887535612085,0.7935635510776058,-0.015949536167387875,-0.02849949100727047,0.10668743977714576,53.450407328350025,0.08535627648804137,0.03536022467297503,0.015821984579081523,0.23056219588994903,0.3241188767728886,0.043936178480755636,0.25844038934882513,0.0019300001771169037,0.0019345934796284614,0.008485383651420982,4.25117720936191
