strategy,cumulative_return,cagr,volatility,sharpe,sortino,max_drawdown,calmar,var_95,cvar_95,mean_turnover,total_turnover,fold,period
buy_and_hold,0.06262881588938907,0.054785914935108426,0.12263338383007949,0.271849483907172,0.3789264521085329,-0.1057358091818172,0.5181396478547937,-0.011366979303131321,-0.01794879556603068,3.484630315617913e-15,1.000088900582341e-12,0,2014-01-01_2015-12-31
equal_weight,0.06262881588938907,0.054785914935108426,0.12263338383007949,0.271849483907172,0.3789264521085329,-0.1057358091818172,0.5181396478547937,-0.011366979303131321,-0.01794879556603068,3.484630315617913e-15,1.000088900582341e-12,0,2014-01-01_2015-12-31
mean_variance,0.06497164552800694,0.056827576467040064,0.12314766313497649,0.2864168697792328,0.40044284185866397,-0.1057358091818172,0.5374487310095925,-0.011366979303131321,-0.017898900742308106,0.0015439835397681155,0.44312327591344913,0,2014-01-01_2015-12-31
min_variance,0.06215235763577143,0.054370637716455894,0.12258950639850615,0.26873455942883795,0.3745533217453284,-0.1057358091818172,0.5142121494806294,-0.011366979303131321,-0.017948671154550906,4.408308763113812e-05,0.01265184615013664,0,2014-01-01_2015-12-31
risk_parity,-0.010186793913343095,-0.008950079095224495,0.0612293954927756,-0.47347146602281937,-0.5959935407564968,-0.08001245922760197,-0.1118585677983633,-0.00428348410538899,-0.011865990087237778,0.006580150163694767,1.888503096980398,0,2014-01-01_2015-12-31
momentum,0.15847957098496424,0.13788170249392695,0.16340484300704133,0.6680853283016814,0.9491933566959083,-0.16573333634481113,0.8319491149750442,-0.01573464148737685,-0.023695982055551155,0.11907665505214923,34.17499999996683,0,2014-01-01_2015-12-31
buy_and_hold,1.0064251492699436,0.44135863903026684,0.09926856065325144,3.4813254652286667,5.158991036670439,-0.061206686565551796,7.210954616168869,-0.008614932283250923,-0.013042645118929483,2.083518542879877e-15,1.000088900582341e-12,1,2016-01-01_2017-12-31
equal_weight,1.0064251492699436,0.44135863903026684,0.09926856065325144,3.4813254652286667,5.158991036670439,-0.061206686565551796,7.210954616168869,-0.008614932283250923,-0.013042645118929483,2.083518542879877e-15,1.000088900582341e-12,1,2016-01-01_2017-12-31
mean_variance,1.4285382102643895,0.5933313233043418,0.12972469621273053,3.4367164412464146,5.496217756832014,-0.061206686565551796,9.693897131139249,-0.010642468284860143,-0.015897657175975497,0.004391803486250475,2.1080656734002283,1,2016-01-01_2017-12-31
min_variance,0.9948399615263277,0.4369833341376943,0.0986361858001566,3.4728229459960804,5.1276982855324915,-0.061206686565551796,7.139470516341204,-0.008478570162573192,-0.012993240873804613,6.804451107630953e-05,0.032661365316628575,1,2016-01-01_2017-12-31
risk_parity,0.04004042232069138,0.020825158843692293,0.049031067018777914,0.01246718753067838,0.015835982327615163,-0.061206686565551796,0.34024319910519485,-0.0003996466127163242,-0.007814138162742491,0.004352165830176001,2.0890395984844803,1,2016-01-01_2017-12-31
momentum,2.188464584181421,0.8381474185217033,0.19558229015392803,3.010283938264404,4.818486800967827,-0.10304708669397944,8.133635267251785,-0.016105034747715394,-0.024098358287879252,0.14036458333319507,67.37499999993364,1,2016-01-01_2017-12-31
buy_and_hold,0.21625048397510582,0.10305210813252508,0.12614052480636917,0.6189999721547481,0.8314458138569947,-0.18448460958542262,0.5585946077784253,-0.01361630530406685,-0.019172593919517786,1.9882483112969006e-15,1.000088900582341e-12,2,2018-01-01_2019-12-31
equal_weight,0.21625048397510582,0.10305210813252508,0.12614052480636917,0.6189999721547481,0.8314458138569947,-0.18448460958542262,0.5585946077784253,-0.01361630530406685,-0.019172593919517786,1.9882483112969006e-15,1.000088900582341e-12,2,2018-01-01_2019-12-31
mean_variance,0.19314231546223581,0.09250229781647845,0.12693281996017622,0.5394251169350005,0.7217911053542362,-0.18448460958542262,0.5014092938394774,-0.01333187343750522,-0.019335582280842444,0.004636430696375571,2.3321246402769122,2,2018-01-01_2019-12-31
min_variance,0.21269421597559734,0.10143508131628387,0.12553022393657334,0.6103227294891029,0.8178899636566661,-0.18448460958542262,0.5498295036330171,-0.013345655140803775,-0.019098073028654284,0.00010899022482281425,0.05482208308587557,2,2018-01-01_2019-12-31
risk_parity,-0.17758048998745646,-0.09330274271671934,0.15283898295747209,-0.7717054052336553,-0.5328401915084983,-0.2208428170693754,-0.4224848421826158,-0.0018775604978293853,-0.01725454234639063,0.011950986687174151,6.011346303648598,2,2018-01-01_2019-12-31
momentum,0.47422477974963906,0.2146451258789719,0.15255456855614877,1.143538068474863,1.4997024599654867,-0.16742974793366455,1.2820011289989757,-0.014959006873279898,-0.022991845014585607,0.15939363817081675,80.17499999992083,2,2018-01-01_2019-12-31
buy_and_hold,0.9094295645131529,0.380936468697753,0.20050275638886852,1.5100135029681268,1.681595458399718,-0.23488154159209368,1.6218237760006922,-0.01640398901216898,-0.030899103247477175,1.9803740605590913e-15,1.000088900582341e-12,3,2020-01-01_2021-12-31
equal_weight,0.9094295645131529,0.380936468697753,0.20050275638886852,1.5100135029681268,1.681595458399718,-0.23488154159209368,1.6218237760006922,-0.01640398901216898,-0.030899103247477175,1.9803740605590913e-15,1.000088900582341e-12,3,2020-01-01_2021-12-31
mean_variance,0.9495744752957043,0.3953490016295449,0.21124946979162507,1.4823448535606836,1.7159140554014511,-0.23488154159209368,1.6831846340489647,-0.018063922450496775,-0.03216836360380872,0.006201481461536686,3.131748138076026,3,2020-01-01_2021-12-31
min_variance,0.8982812923446724,0.3769072267799023,0.1997269137592718,1.5012490725368364,1.667096897651291,-0.23488154159209368,1.6046694185720949,-0.01634444133915031,-0.03079542392334482,0.00023576103638043138,0.11905932337211785,3,2020-01-01_2021-12-31
risk_parity,-0.11382215017926556,-0.05851716852592492,0.1385348838338143,-0.579631383225726,-0.6906473753512713,-0.23488154159209368,-0.24913481122986067,-0.001278108736545824,-0.020195524080483567,0.003745993941517492,1.8917269404663335,3,2020-01-01_2021-12-31
momentum,1.4118722268699795,0.5516671992974089,0.27203176609565166,1.5414742599474702,1.9764363070262965,-0.23488154159209368,2.3487039277673856,-0.025690938956420942,-0.04001781940016323,0.128663366336507,64.97499999993603,3,2020-01-01_2021-12-31
buy_and_hold,0.14535359877706888,0.07064688603434943,0.17422207848665536,0.2770201836853812,0.3931975644337112,-0.2538924167729352,0.2782552032561547,-0.016612868790896393,-0.025485065567866696,1.9961854303040738e-15,1.000088900582341e-12,4,2022-01-01_2023-12-31
equal_weight,0.14535359877706888,0.07064688603434943,0.17422207848665536,0.2770201836853812,0.3931975644337112,-0.2538924167729352,0.2782552032561547,-0.016612868790896393,-0.025485065567866696,1.9961854303040738e-15,1.000088900582341e-12,4,2022-01-01_2023-12-31
mean_variance,0.14144424105148312,0.06880719987639439,0.17530820798649044,0.26549390198796924,0.37973265316526605,-0.2538924167729352,0.2710092753102234,-0.017447324762434813,-0.025517160028310483,0.00559084539386707,2.801013542327402,4,2022-01-01_2023-12-31
min_variance,0.13333424219128354,0.06498074032239853,0.173424029095509,0.24769759425834376,0.3497604651393485,-0.2538924167729352,0.2559380904255721,-0.016612868790896393,-0.025485065567866696,0.0001753043768473531,0.08782749280052389,4,2022-01-01_2023-12-31
risk_parity,0.10929703609353192,0.05355885131961746,0.05927927023864948,0.5427498557127213,0.42766347291739615,-0.07188012449900381,0.7451135024169265,-0.000580299739675778,-0.009334955029599239,0.004016630818807417,2.0123320402225158,4,2022-01-01_2023-12-31
momentum,0.12359397184093712,0.06036705358529004,0.19653090800735964,0.19648372636507724,0.3006498857605614,-0.3230985153654858,0.18683791696474816,-0.019332263585103687,-0.026738262993411404,0.16721556886211023,83.77499999991723,4,2022-01-01_2023-12-31
buy_and_hold,0.7957518816958382,0.34240753636665366,0.14034571353631042,1.9556327293398386,2.4996805343080295,-0.164401828705849,2.0827477349981063,-0.01198711822274847,-0.019875750509378377,1.9961854303040738e-15,1.000088900582341e-12,5,2024-01-01_2025-12-30
equal_weight,0.7957518816958382,0.34240753636665366,0.14034571353631042,1.9556327293398386,2.4996805343080295,-0.164401828705849,2.0827477349981063,-0.01198711822274847,-0.019875750509378377,1.9961854303040738e-15,1.000088900582341e-12,5,2024-01-01_2025-12-30
mean_variance,0.7874835831193676,0.3392949974068231,0.14324125682536354,1.8998950456433419,2.4278782272887454,-0.17121461464896046,1.98169413342708,-0.012638848658986753,-0.020541635364484126,0.0049281384586323685,2.4689973677748167,5,2024-01-01_2025-12-30
min_variance,0.7933287573905992,0.3414961085857051,0.13957089359203767,1.9616231080832724,2.50433512429843,-0.16347697402234299,2.088955405664847,-0.011836731965694007,-0.01976856689058615,0.00010040582704842338,0.05030331935126012,5,2024-01-01_2025-12-30
risk_parity,0.23574114500429455,0.11234366459741785,0.034200428560421485,2.5283074691942433,1.7851349397848661,-0.012453821130703284,9.020818865018793,-1.8434485412276855e-05,-0.0034236840101509085,0.0039395811006638385,1.9737301314325832,5,2024-01-01_2025-12-30
momentum,0.6454944679043757,0.28468249758045805,0.17689824018884615,1.3030746036588476,1.7143478842157878,-0.14133536884106718,2.0142339452241846,-0.01781673169832862,-0.02718460382711019,0.13927145708569108,69.77499999993123,5,2024-01-01_2025-12-30
